{
  "project_info": {
    "project_number": "836184852521",
    "project_id": "unknown-connection",
    "storage_bucket": "unknown-connection.firebasestorage.app"
  },
  "client": [
    {
      "client_info": {
        "mobilesdk_app_id": "1:836184852521:android:be0ff9f20338a06879b438",
        "android_client_info": {
          "package_name": "com.example.strangerconnection"
        }
      },
      "oauth_client": [
        {
          "client_id": "836184852521-q1qgd9ablnu56t6run3i3rpv0vn7n47e.apps.googleusercontent.com",
          "client_type": 1,
          "android_info": {
            "package_name": "com.example.strangerconnection",
            "certificate_hash": "3d5aaa6df1df92918dde9aa4f1835f748347a5ee"
          }
        },
        {
          "client_id": "836184852521-v8duqu703m51v0br02o01c2h6361kn4k.apps.googleusercontent.com",
          "client_type": 3
        }
      ],
      "api_key": [
        {
          "current_key": "AIzaSyC6n0XoI47TEeGesnEYxFYZQosSDrNejVE"
        }
      ],
      "services": {
        "appinvite_service": {
          "other_platform_oauth_client": [
            {
              "client_id": "836184852521-v8duqu703m51v0br02o01c2h6361kn4k.apps.googleusercontent.com",
              "client_type": 3
            }
          ]
        }
      }
    }
  ],
  "configuration_version": "1"
}