{"v":"5.0.0","fr":10,"ip":0,"op":23,"w":20,"h":20,"ddd":0,"assets":[],"layers":[{"ddd":0,"ind":2,"nm":"circle-2","ks":{"p":{"a":0,"k":[10,10]},"a":{"a":0,"k":[0,0,0]},"s":{"a":1,"k":[{"i":{"x":[1],"y":[1]},"o":{"x":[0.42],"y":[0]},"t":8,"s":[30,30,100],"e":[100,100,100]},{"t":23}]},"r":{"a":0,"k":0},"o":{"a":1,"k":[{"t":8,"s":[0],"i":{"x":[0.381],"y":[0.415]},"o":{"x":[0],"y":[0]},"e":[90]},{"t":12,"s":[90],"i":{"x":[0.659],"y":[1]},"o":{"x":[0.226],"y":[0.372]},"e":[0]},{"t":23}]}},"ao":0,"ip":0,"op":23,"st":0,"bm":0,"sr":1,"ty":4,"shapes":[{"ty":"gr","it":[{"d":1,"ty":"el","s":{"a":0,"k":[18,18]},"p":{"a":0,"k":[0,0]}},{"ty":"fl","c":{"a":0,"k":[1,0.071,0.353,1]},"nm":"Fill 1","hd":false,"o":{"a":0,"k":100},"r":1},{"ty":"tr","p":{"a":0,"k":[0,0]},"a":{"a":0,"k":[0,0]},"s":{"a":0,"k":[100,100]},"r":{"a":0,"k":0},"o":{"a":0,"k":100},"sk":{"a":0,"k":0},"sa":{"a":0,"k":0},"nm":"Transform"}],"nm":"Object","hd":false}],"ln":"circle-2"},{"ddd":0,"ind":1,"nm":"circle","ks":{"p":{"a":0,"k":[10,10]},"a":{"a":0,"k":[0,0,0]},"s":{"a":1,"k":[{"i":{"x":[1],"y":[1]},"o":{"x":[0.42],"y":[0]},"t":0,"s":[30,30,100],"e":[100,100,100]},{"t":15}]},"r":{"a":0,"k":0},"o":{"a":1,"k":[{"t":0,"s":[0],"i":{"x":[0.381],"y":[0.415]},"o":{"x":[0],"y":[0]},"e":[90]},{"t":4,"s":[90],"i":{"x":[0.659],"y":[1]},"o":{"x":[0.226],"y":[0.372]},"e":[0]},{"t":15}]}},"ao":0,"ip":0,"op":23,"st":0,"bm":0,"sr":1,"ty":4,"shapes":[{"ty":"gr","it":[{"d":1,"ty":"el","s":{"a":0,"k":[18,18]},"p":{"a":0,"k":[0,0]}},{"ty":"fl","c":{"a":0,"k":[1,0.071,0.353,1]},"nm":"Fill 1","hd":false,"o":{"a":0,"k":100},"r":1},{"ty":"tr","p":{"a":0,"k":[0,0]},"a":{"a":0,"k":[0,0]},"s":{"a":0,"k":[100,100]},"r":{"a":0,"k":0},"o":{"a":0,"k":100},"sk":{"a":0,"k":0},"sa":{"a":0,"k":0},"nm":"Transform"}],"nm":"Object","hd":false}],"ln":"circle"}]}